<modification>
	<name><![CDATA[Webpos Sanal Pos]]></name>
	<code><![CDATA[karepos]]></code>
	<author><![CDATA[karesoft]]></author>
	<version><![CDATA[3]]></version>
	<link><![CDATA[http://www.karesoft.com.tr/]]></link>
	
		
		<file path="admin/controller/common/column_left.php">
    <operation>
      <search>
        <![CDATA[// Design]]>
      </search>
      <add position="before">
        <![CDATA[
        $integration = array();
		$sanalpos=  array();
			
			
			if ($this->user->hasPermission('access', 'extension/webposbuilder')) {
				$sanalpos[] = array(
					'name'	   => "Sanal POS Ekle",
					'href'     => $this->url->link('extension/webposbuilder', 'user_token=' . $this->session->data['user_token'], true),
					'children' => array()
				);
			}
		
			if ($this->user->hasPermission('access', 'extension/webposbuilder')) {
				$sanalpos[] = array(
					'name'	   => "Sipariş Toplamları",
					'href'     => $this->url->link('extension/total/webpostotal', 'user_token=' . $this->session->data['user_token'], true),
					'children' => array()
				);
			}
			
			
			if ($this->user->hasPermission('access', 'extension/webposbuilder')) {
				$integration[] = array(
					'name'	   => "Hakkımızda",
					'href'     => "http://www.karesoft.com.tr/hakkimizda",
					'children' => array()
				);
			}
			
			if ($this->user->hasPermission('access', 'extension/webposbuilder')) {
				$integration[] = array(
					'name'	   => "Ticket Aç",
					'href'     => "http://www.karesoft.com.tr/support",
					'children' => array()
				);
			}
		
		
        //Sanal Pos Menu
			
			
			if ($this->user->hasPermission('access', 'extension/webposbuilder')) {
				$sanalpos[] = array(
					'name'	   => "Sanal POS Ayarları",
					'href'     => $this->url->link('extension/payment/webpos', 'user_token=' . $this->session->data['user_token'], true),
					'children' => array()
				);
			}
			

			if ($sanalpos) {
				$integration[] = array(
					'name'	   => "Sanal POS",
					'href'     => '',
					'children' => $sanalpos		
				);
			}
			
			
			if ($integration) {
				$data['menus'][] = array(
					'id'       => 'menu-flash',
					'icon'	   => 'fa-flash',
					'name'	   => "Entegrasyonlar",
					'href'     => '',
					'children' => $integration
				);
			}
			
			
			
		]]>
      </add>
    </operation>
	</file>
	<file path="admin/language/turkish/common/menu.php">
		<operation info="Add language entries">
			<search><![CDATA[$_['text_feed']                        = 'Ürün Beslemeleri';]]></search>
			<add position="after"><![CDATA[$_['text_webpos_builder']           = 'Webpos Bankalar';]]></add>
		</operation>
	</file>
	<file path="admin/view/template/common/menu.tpl">
		<operation info="Adding link to template">
			<search><![CDATA[      <li><a href="<?php echo $feed; ?>"><?php echo $text_feed; ?></a></li>]]></search>
			<add position="after"><![CDATA[          <li><a href="<?php echo $webpos_builder; ?>"><?php echo $text_webpos_builder; ?></a></li>]]></add>
		</operation>
	</file>
		<file path="catalog/controller/checkout/payment_method.php">
		<operation info="instalment and webpos bank id variables to session">
			<search><![CDATA[ $this->session->data['payment_method'] = $this->session->data['payment_methods'][$this->request->post['payment_method']];]]></search>
			<add position="after"><![CDATA[			//webpos
			if((isset($this->request->post['payment_method']))&&($this->request->post['payment_method']=='webpos')&&(isset($this->request->post['instalment']))) {
			$this->session->data['instalment'] =$this->request->post['instalment'];
			$bank_array=explode('_',$this->request->post['instalment']);
			$this->session->data['webpos_bank_id']=$bank_array[0];

			}
			//]]></add>
		</operation>
	</file>
	<file path="catalog/controller/product/product.php">
		<operation info="instalment tab to product info tabs">
			<search><![CDATA[ $data['tab_review'] = sprintf($this->language->get('tab_review'), $product_info['reviews']);]]></search>
			<add position="after"><![CDATA[			//webpos
			$webpos_status=$this->config->get('webpos_status');
			if ($webpos_status==1){
				$this->load->language('payment/webpos');
			$data['tab_instalment'] = $this->language->get('text_instalments');	
					
		$data['text_instalments']=$this->language->get('text_instalments');
		$data['text_instalment']=$this->language->get('text_instalment');
		$data['text_no_instalment']=$this->language->get('text_no_instalment');
		$data['webpos_other_id']=$this->config->get('webpos_other_id');
		if ((float)$product_info['special']) {
				$order_total = $this->tax->calculate($product_info['special'], $product_info['tax_class_id'], $this->config->get('config_tax'));
			} else {
				$order_total = $this->tax->calculate($product_info['price'], $product_info['tax_class_id'], $this->config->get('config_tax'));
			}
		$webpos_single_ratio=floatval($this->config->get('webpostotal_single_ratio'));
		//
			if ($webpos_single_ratio>=0){
				$webpos_single_title=$this->language->get('text_single_positive').'(%'.$webpos_single_ratio.')';
			} else if($webpos_single_ratio<0){
				$webpos_single_title=$this->language->get('text_single_negative').'(%'.$webpos_single_ratio.')';
			}
			$webpos_total=$order_total+($order_total*$webpos_single_ratio/100);
		//
		$data['single_order_total']=$webpos_single_title.' '.$this->currency->format($webpos_total, $this->session->data['currency'], false, true);
		
		$data['banks']=$this->config->get('webpos_banks_info');
		$new_banks=array();
		foreach($data['banks'] as $bank){
			if ($bank['status']!=0){
				$new_banks[$bank['bank_id']]=$bank;
				if(!empty($bank['instalment']) || $bank['instalment']!=''){
					$instalments=array();
					$instalments=explode(';',$bank['instalment']);
					foreach($instalments as $instalment) {
						$instalment_array=explode('=',$instalment);
						$instalment_count=$instalment_array[0];
						$instalment_ratio=$instalment_array[1];
						$instalment_total=$order_total+($order_total*$instalment_ratio)/100;
						if($instalment_count!=0){
							$instalment_price=$instalment_total/$instalment_count;
						} else {
							$instalment_price=$order_total;
						}
						//$this->session->data['currency'];
						$instalment_total=$this->currency->format($instalment_total, $this->session->data['currency'], false, true);
						$instalment_price=$this->currency->format($instalment_price, $this->session->data['currency'], false, true);
						$new_banks[$bank['bank_id']]['instalments'][]=array('count'=>$instalment_count,
						'ratio'=>$instalment_ratio,
						'total'=>$instalment_total,
						'price'=>$instalment_price);
					}
				}
			}
		}
		unset($data['banks']);
		$data['banks']=$new_banks;
		}
			//]]></add>
		</operation>
	</file>
	<file path="catalog/view/theme/default/template/checkout/payment_method.twig">
		<operation info="instalments to payment page">
			<search index="3"><![CDATA[{% endif %}]]></search>
			<add position="after"><![CDATA[<!-- webpos -->
<div id="instalments" class="row" style="display: none;"></div>
<!-- webpos -->]]></add>
		</operation>
		<operation info="javascript to end of file">
			<search index="5"><![CDATA[{% endif %}]]></search>
			<add position="after"><![CDATA[<script type="text/javascript"><!--
$(document).ready(function () {
	//$('input[name=payment_method]').parent().parent().parent().first('p').after('<div id="instalments" style="display: none;"></div>');
	
	//
	  $.ajax({
        url: 'index.php?route=extension/payment/webpos/instalments', 
        type: 'get',
		dataType: 'html',
        success: function(html) {
			$('div#instalments').html(html);
        },
        error: function(xhr, ajaxOptions, thrownError) {
            alert(thrownError + "\r\n" + xhr.statusText + "\r\n" + xhr.responseText);
        }
    });
	//
    var payment_check = $("input[type=radio][name=payment_method]:checked").val();
		if (payment_check=='webpos') {
			$('div#instalments').css('display','block');
		} else {
			$('div#instalments').hide();		
		}
	$("input[name=payment_method]").click(function(){
		var payment_check=$(this).val();
		if (payment_check=='webpos') {
			$('div#instalments').css('display','block');
		} else {
			$('div#instalments').hide();		
		}
	});
});
//--></script> 
<!-- webpos end-->]]></add>
		</operation>
	</file>
		<file path="catalog/view/theme/default/template/product/product.twig">
		<operation info="instalments to product page">
			<search index="2"><![CDATA[</ul>]]></search>
			<add position="before"><![CDATA[			<?php if (isset($tab_instalment)) { ?>
            <li><a href="#tab-instalment" data-toggle="tab"><?php echo $tab_instalment; ?></a></li>
            <?php } ?>]]></add>
		</operation>
		<operation info="instalments to product page">
			<search index="1"><![CDATA[<?php if ($review_status) { ?>]]></search>
			<add position="before"><![CDATA[			<?php if(isset($tab_instalment)){ ?>
			<div class="tab-pane" id="tab-instalment">
			<p><?php echo $text_no_instalment.$single_order_total; ?></p>
			<?php if ($banks) { ?>
                <?php foreach ($banks as $bank) {
						if(!empty($bank['instalment']) || $bank['instalment']!=''){ ?>
				<table class="col-sm-3">
					<thead>
						<tr><td>
							<?php if (!empty($bank['image'])) {?>
							<img src="<?php echo $bank['image']; ?>"/>
				<?php } else { ?>
							<strong><?php echo $bank['name']; ?></strong>
				<?php } ?>
						</td></tr>
					</thead>
				    <tbody>
					<?php foreach($bank['instalments'] as $instalment) { ?>
						<tr>
							<td><?php echo $instalment['count'].$text_instalment.$instalment['total'].'('.$instalment['count'].'x'.$instalment['price'].')'; ?></td>
                        </tr>
					<?php } ?>
					</tbody>
					<?php } ?>
				</table>
			  <?php } ?>
			  <?php } ?>
			</div>
			<?php } ?>]]></add>
		</operation>
	</file>
</modification>
